,place,prefacture
0,[佐白山麓],茨城
8101,[北山公園],茨城
9782,[矢板幸岡],栃木
13006,[岡崎中央総合公園Ⅱ・the Last],愛知
14971,,
21170,[黒森山国有林],岩手
24497,[和紙のふるさと],愛知
25453,[椛の湖2019],岐阜
35113,[矢板日新],栃木
35560,[不動南],栃木
36719,[丸火自然公園],静岡
38014,[赤根],埼玉
38690,[日光和泉],栃木
38952,[日光高畑],栃木
39273,[八ヶ岳牧場],長野
40665,[塩谷熊ノ木],栃木
43452,[望郷の森],岐阜
59812,[霊山],三重
61658,[望郷の森2019],岐阜
88465,[津市美里の森],三重
91232,[日光霧降・所野],栃木
98425,[根の上高原],岐阜
100207,[ガリバーの森],滋賀
104196,[駒ヶ根高原],長野
107246,[あわら迷図],福井
110499,[七国峠2019],東京
115765,[倉渕 道祖神の里Ⅲ],群馬
128212,[昭和の森],愛知
129490,[八ヶ岳レジャーセンター],長野
132160,[日光例幣使街道＋日光口],栃木
136330,[作手高原・亀山城址],愛知
139800,[作手高原],愛知
142926,[安比ブナ林],岩手県
144476,[ベアリスⅡ],埼玉
152528,[一口生水],石川
153406,[宇根峠],埼玉
162491,[神峯～蘖ゆ～],茨城
167419,[由加大権現],岡山
168628,[七国峠],東京
171867,[矢板高塩],栃木
177130,[やまべのかふか],滋賀
179602,[伊勢治田 ～Party on the hill～],三重
183194,[日光愛宕山],栃木
190782,[越後塩谷],新潟
192844,[関ヶ原古戦場2017],岐阜
196324,[桐生・平野・牧],滋賀
201101,[茅野横河],長野
221006,[日沢],静岡
222887,[飯能美杉台],埼玉
224163,[七ツ森],宮城
225323,[瑞牆の森2018],長野
246606,[鴻ノ館～岩切love2018～],宮城
250351,[菅沼守義],愛知
261448,[伊勢治田～party on the hill～],愛知
266509,[日光所野],栃木
269603,[前高原],栃木
276077,[グリム冒険の森],滋賀
279699,[椛の湖],岐阜
288234,[赤城-悠久の森 響く天聲-],群馬
300186,[再度公園],兵庫
304296,[筏場国有林～神さびし山の葵～],静岡
312216,[上谷＋弘法山観世音],埼玉
325482,[四美の森],岐阜
332601,[道根往還2018東],愛知
334350,[上谷],埼玉
335510,[あいの土山],滋賀
337263,[bisyamon],栃木
342555,[倉掛湧水池],栃木
346332,[阿弥陀瀬],新潟
347918,[源内峠],滋賀
351458,[瑞牆の森],長野
353361,[吹上峠],東京
354950,[上出財産区],静岡
