place,prefacture
[佐白山麓],茨城
[北山公園],茨城
[矢板幸岡],栃木
[岡崎中央総合公園Ⅱ・the Last],愛知
,
[黒森山国有林],岩手
[和紙のふるさと],愛知
[椛の湖2019],岐阜
[矢板日新],栃木
[不動南],栃木
[丸火自然公園],静岡
[赤根],埼玉
[日光和泉],栃木
[日光高畑],栃木
[八ヶ岳牧場],長野
[塩谷熊ノ木],栃木
[望郷の森],岐阜
[霊山],三重
[望郷の森2019],岐阜
[津市美里の森],三重
[日光霧降・所野],栃木
[根の上高原],岐阜
[ガリバーの森],滋賀
[駒ヶ根高原],長野
[あわら迷図],福井
[七国峠2019],東京
[倉渕 道祖神の里Ⅲ],群馬
[昭和の森],愛知
[八ヶ岳レジャーセンター],長野
[日光例幣使街道＋日光口],栃木
[作手高原・亀山城址],愛知
[作手高原],愛知
[安比ブナ林],岩手県
[ベアリスⅡ],埼玉
[一口生水],石川
[宇根峠],埼玉
[神峯～蘖ゆ～],茨城
[由加大権現],岡山
[七国峠],東京
[矢板高塩],栃木
[やまべのかふか],滋賀
[伊勢治田 ～Party on the hill～],三重
[日光愛宕山],栃木
[越後塩谷],新潟
[関ヶ原古戦場2017],岐阜
[桐生・平野・牧],滋賀
[茅野横河],長野
[日沢],静岡
[飯能美杉台],埼玉
[七ツ森],宮城
[瑞牆の森2018],長野
[鴻ノ館～岩切love2018～],宮城
[菅沼守義],愛知
[伊勢治田～party on the hill～],愛知
[日光所野],栃木
[前高原],栃木
[グリム冒険の森],滋賀
[椛の湖],岐阜
[赤城-悠久の森 響く天聲-],群馬
[再度公園],兵庫
[筏場国有林～神さびし山の葵～],静岡
[上谷＋弘法山観世音],埼玉
[四美の森],岐阜
[道根往還2018東],愛知
[上谷],埼玉
[あいの土山],滋賀
[bisyamon],栃木
[倉掛湧水池],栃木
[阿弥陀瀬],新潟
[源内峠],滋賀
[瑞牆の森],長野
[吹上峠],東京
[上出財産区],静岡
[矢板山苗代],栃木
[黒添池],奈良
[鳥追窪],静岡
[二子],静岡
