0,1
2020_山リハ2020,https://mulka2.com/lapcenter/lapcombat2/index.jsp?event=5822&file=7
2020_早大2020,https://mulka2.com/lapcenter/lapcombat2/index.jsp?event=5790&file=1
2020_鹿角杯2020,https://mulka2.com/lapcenter/lapcombat2/index.jsp?event=5750&file=1
2020_関西ミドルセレ,https://mulka2.com/lapcenter/lapcombat2/index.jsp?event=5710&file=1
2020_東海ミドルセレ,https://mulka2.com/lapcenter/lapcombat2/index.jsp?event=5728&file=1
2020_関東ミドルセレ,https://mulka2.com/lapcenter/lapcombat2/index.jsp?event=5712&file=1
2020_筑波大大会,https://mulka2.com/lapcenter/lapcombat2/index.jsp?event=5687&file=1
2020_AJR前日ミドル大会,https://mulka2.com/lapcenter/lapcombat2/index.jsp?event=5697&file=1
2020_埼玉県協会練習会,https://mulka2.com/lapcenter/lapcombat2/index.jsp?event=5683&file=1
2020_東北大大会,https://mulka2.com/lapcenter/lapcombat2/index.jsp?event=5677&file=3
2020_ICL,https://mulka2.com/lapcenter/lapcombat2/index.jsp?event=5653&file=1
2020_東海インカレ,https://mulka2.com/lapcenter/lapcombat2/index.jsp?event=5356&file=1
2020_中日東海,https://mulka2.com/lapcenter/lapcombat2/index.jsp?event=5604&file=1
2020_全日本ロングE,https://mulka2.com/lapcenter/lapcombat2/index.jsp?event=5595&file=1
2020_全日本ロング,https://mulka2.com/lapcenter/lapcombat2/index.jsp?event=5593&file=1
2020_京大京女,https://mulka2.com/lapcenter/lapcombat2/index.jsp?event=5568&file=1
2019_ICM,https://mulka2.com/lapcenter/lapcombat2/index.jsp?event=5127&file=1
2020_4日本学連合宿,https://mulka2.com/lapcenter/lapcombat2/index.jsp?event=5821&file=1
