2019_技術課レース,https://mulka2.com/lapcenter/lapcombat2/index.jsp?event=5099&file=1
2019_ICM,https://mulka2.com/lapcenter/lapcombat2/index.jsp?event=5127&file=1
2019_ICR,https://mulka2.com/lapcenter/lapcombat2/index.jsp?event=5128&file=3
2019_中日東海大会,https://mulka2.com/lapcenter/lapcombat2/index.jsp?event=5160&file=1
2019_全日本大会,https://mulka2.com/lapcenter/lapcombat2/index.jsp?event=5182&file=1
2019_根ノ上,https://mulka2.com/lapcenter/lapcombat2/index.jsp?event=5246&file=1
2019_ウェルカムリレー,https://mulka2.com/lapcenter/lapcombat2/index.jsp?event=5313&file=1
2019_東海インカレ,https://mulka2.com/lapcenter/lapcombat2/index.jsp?event=5356&file=1
2019_関西インカレ,https://mulka2.com/lapcenter/lapcombat2/index.jsp?event=5346&file=1
2019_関東インカレ,https://mulka2.com/lapcenter/lapcombat2/index.jsp?event=5347&file=1
2019_東大OLK大会,https://mulka2.com/lapcenter/lapcombat2/index.jsp?event=5320&file=1
2019_留年大会ミドル,https://mulka2.com/lapcenter/lapcombat2/index.jsp?event=5389&file=1
2019_名椙夏合宿予選,https://mulka2.com/lapcenter/lapcombat2/index.jsp?event=5455&file=1
2019_夏合宿決勝,https://mulka2.com/lapcenter/lapcombat2/index.jsp?event=5453&file=1
2019_北東インカレ,https://mulka2.com/lapcenter/lapcombat2/index.jsp?event=5457&file=3
2019_名椙大会ロング,https://mulka2.com/lapcenter/lapcombat2/index.jsp?event=5521&file=1
2019_名椙大会リレー,https://mulka2.com/lapcenter/lapcombat2/index.jsp?event=5525&file=1
2019_岩県大会,https://mulka2.com/lapcenter/lapcombat2/index.jsp?event=5345&file=1
2019_埼玉県民OL大会,https://mulka2.com/lapcenter/lapcombat2/index.jsp?event=5311&file=1
2019_いばのこ練習会_筑波大部内灰,https://mulka2.com/lapcenter/lapcombat2/index.jsp?event=5290&file=1
2019_茶の里いるま,https://mulka2.com/lapcenter/lapcombat2/index.jsp?event=5205&file=1
2019_金大大会,https://mulka2.com/lapcenter/lapcombat2/index.jsp?event=5149&file=1
2019_関東学連定例戦,https://mulka2.com/lapcenter/lapcombat2/index.jsp?event=5060&file=1
2019_山リハリレー,https://mulka2.com/lapcenter/lapcombat2/index.jsp?event=5045&file=3
2019_筑波大大会,https://mulka2.com/lapcenter/lapcombat2/index.jsp?event=5036&file=1
2019_広島岡山大学大会,https://mulka2.com/lapcenter/lapcombat2/index.jsp?event=5031&file=1
2019_ジュニアチャンピオンシップ大会,https://mulka2.com/lapcenter/lapcombat2/index.jsp?event=5026&file=1
2019_茨城大学大会,https://mulka2.com/lapcenter/lapcombat2/index.jsp?event=5005&file=1
2018_朱雀OKミドル大会,https://mulka2.com/lapcenter/lapcombat2/index.jsp?event=4978&file=1
2018_関西ミドルセレ,https://mulka2.com/lapcenter/lapcombat2/index.jsp?event=4964&file=1
2018_関東ミドルセレ,https://mulka2.com/lapcenter/lapcombat2/index.jsp?event=4952&file=1
2018_新潟大大会2,https://mulka2.com/lapcenter/lapcombat2/index.jsp?event=4944&file=1
2018_東海ミドルセレ,https://mulka2.com/lapcenter/lapcombat2/index.jsp?event=4937&file=1
2018_京大京女,https://mulka2.com/lapcenter/lapcombat2/index.jsp?event=4920&file=1
2018_早大大会,https://mulka2.com/lapcenter/lapcombat2/index.jsp?event=4907&file=1
2018_KOLC大会2,https://mulka2.com/lapcenter/lapcombat2/index.jsp?event=4904&file=1
2018_全日本ミドル,https://mulka2.com/lapcenter/lapcombat2/index.jsp?event=4894&file=1
2018_全日本ミドル前日,https://mulka2.com/lapcenter/lapcombat2/index.jsp?event=4893&file=1
2018_東工大OLT杯,https://mulka2.com/lapcenter/lapcombat2/index.jsp?event=4871&file=1
2018_岩県大会,https://mulka2.com/lapcenter/lapcombat2/index.jsp?event=4876&file=1
2018_CC7,https://mulka2.com/lapcenter/lapcombat2/index.jsp?event=4854&file=3
2018_東北大大会,https://mulka2.com/lapcenter/lapcombat2/index.jsp?event=4850&file=1
2018_愛知県選手権,https://mulka2.com/lapcenter/lapcombat2/index.jsp?event=4840&file=1
2018_ICL,https://mulka2.com/lapcenter/lapcombat2/index.jsp?event=4823&file=1
2018_名椙大会2日目,https://mulka2.com/lapcenter/lapcombat2/index.jsp?event=4797&file=1
2018_インハイ個人戦,https://mulka2.com/lapcenter/lapcombat2/index.jsp?event=4770&file=3
2018_北東インカレ,https://mulka2.com/lapcenter/lapcombat2/index.jsp?event=4747&file=1
2018_東海ミインカレ,https://mulka2.com/lapcenter/lapcombat2/index.jsp?event=4676&file=1
2018_関西インカレ,https://mulka2.com/lapcenter/lapcombat2/index.jsp?event=4678&file=1
2018_全日本ロング,https://mulka2.com/lapcenter/lapcombat2/index.jsp?event=4656&file=2
2018_全日本ロング選手権,https://mulka2.com/lapcenter/lapcombat2/index.jsp?event=4656&file=1
2018_東大OLK大会,https://mulka2.com/lapcenter/lapcombat2/index.jsp?event=4619&file=1
2018_ウェルカムリレー,https://mulka2.com/lapcenter/lapcombat2/index.jsp?event=4613&file=1
2018_KOLC大会,https://mulka2.com/lapcenter/lapcombat2/index.jsp?event=4578&file=1
2018_根ノ上,https://mulka2.com/lapcenter/lapcombat2/index.jsp?event=4563&file=1
2018_茶の里いるま,https://mulka2.com/lapcenter/lapcombat2/index.jsp?event=4531&file=1
2018_WOC選考会,https://mulka2.com/lapcenter/lapcombat2/index.jsp?event=4494&file=1
2019_中日東海大会,https://mulka2.com/lapcenter/lapcombat2/index.jsp?event=5604&file=1
2019_全日本ロング,https://mulka2.com/lapcenter/lapcombat2/index.jsp?event=5595&file=1
2019_全日本ロング一般,https://mulka2.com/lapcenter/lapcombat2/index.jsp?event=5593&file=1
2019_愛知県民大会,https://mulka2.com/lapcenter/lapcombat2/index.jsp?event=5587&file=1
2019_埼玉県協会大会,https://mulka2.com/lapcenter/lapcombat2/index.jsp?event=5579&file=1
2019_京大京女,https://mulka2.com/lapcenter/lapcombat2/index.jsp?event=5568&file=1
2019_農工大大会,https://mulka2.com/lapcenter/lapcombat2/index.jsp?event=5569&file=1
2019_KOLC杯,https://mulka2.com/lapcenter/lapcombat2/index.jsp?event=5553&file=1
2019_インカレ調整練習会,https://mulka2.com/lapcenter/lapcombat2/index.jsp?event=5641&file=1
2019_京大インカレ対策,https://mulka2.com/lapcenter/lapcombat2/index.jsp?event=5624&file=1
2019_オリエンテーリングたじま大会2日目,https://mulka2.com/lapcenter/lapcombat2/index.jsp?event=5625&file=1
2019_オリエンテーリングたじま大会1日目,https://mulka2.com/lapcenter/lapcombat2/index.jsp?event=5615&file=1
2019_新大大会2日目,https://mulka2.com/lapcenter/lapcombat2/index.jsp?event=5626&file=1
2019_関西学連第2回定例戦,https://mulka2.com/lapcenter/lapcombat2/index.jsp?event=5606&file=1
2019_第二回日本学連合宿2日目,https://mulka2.com/lapcenter/lapcombat2/index.jsp?event=5603&file=1
2019_第二回日本学連合宿1日目,https://mulka2.com/lapcenter/lapcombat2/index.jsp?event=5602&file=1
2019_筑波杯,https://mulka2.com/lapcenter/lapcombat2/index.jsp?event=5472&file=1
2019_夏場所千秋楽,https://mulka2.com/lapcenter/lapcombat2/index.jsp?event=5442&file=1
2019_夏場所3日目,https://mulka2.com/lapcenter/lapcombat2/result-list.jsp?event=5440&file=1
2019_夏場所2日目,https://mulka2.com/lapcenter/lapcombat2/index.jsp?event=5426&file=1
2019_JOA強化合宿,https://mulka2.com/lapcenter/lapcombat2/index.jsp?event=5423&file=1
2019_第一回日本学連合宿2日目,https://mulka2.com/lapcenter/lapcombat2/index.jsp?event=5384&file=1
2019_第一回日本学連合宿2日目,https://mulka2.com/lapcenter/lapcombat2/result-list.jsp?event=5377&file=1
2019_(身内)東大OLKのICL対策練習会,https://mulka2.com/lapcenter/lapcombat2/index.jsp?event=5638&file=1
2019_(身内)OLKの秋会内杯,https://mulka2.com/lapcenter/lapcombat2/index.jsp?event=5526&file=1
2019_(身内)OLKの夏会内杯,https://mulka2.com/lapcenter/lapcombat2/index.jsp?event=5439&file=1
2019_(身内)OLKロング対策練,https://mulka2.com/lapcenter/lapcombat2/index.jsp?event=5334&file=1
2019_(身内)新大杯,https://mulka2.com/lapcenter/lapcombat2/result-list.jsp?event=5558&file=1
2019_(身内)筑波のロング対策練,https://mulka2.com/lapcenter/lapcombat2/index.jsp?event=5628&file=1
2019_(身内)筑波の新人合宿,https://mulka2.com/lapcenter/lapcombat2/index.jsp?event=5409&file=1
2019_(身内)筑波のロング対策連,https://mulka2.com/lapcenter/lapcombat2/result-list.jsp?event=5325&file=1
2019_(身内)夏の早大OC杯,https://mulka2.com/lapcenter/lapcombat2/index.jsp?event=5522&file=1
2019_(身内)東北大合宿3日目,https://mulka2.com/lapcenter/lapcombat2/index.jsp?event=4329&file=1
2019_(身内)阪大神大奈良女部内杯,https://mulka2.com/lapcenter/lapcombat2/index.jsp?event=5515&file=1
2019_CC7,https://mulka2.com/lapcenter/lapcombat2/index.jsp?event=5539&file=1
2019_ICL,https://mulka2.com/lapcenter/lapcombat2/index.jsp?event=5653&file=1
2019_AJR前日大会,https://mulka2.com/lapcenter/lapcombat2/index.jsp?event=5697&file=1
2019_早大OCミドルセレ対策練,https://mulka2.com/lapcenter/lapcombat2/index.jsp?event=5696&file=1
2019_岡崎市民大会,https://mulka2.com/lapcenter/lapcombat2/index.jsp?event=5689&file=1
2019_筑波大大会,https://mulka2.com/lapcenter/lapcombat2/index.jsp?event=5687&file=1
2019_東北大大会,https://mulka2.com/lapcenter/lapcombat2/index.jsp?event=5677&file=3
2019_埼玉県協会練習会,https://mulka2.com/lapcenter/lapcombat2/index.jsp?event=5683&file=1
2019_全日本リレー,https://mulka2.com/lapcenter/lapcombat2/index.jsp?event=5692&file=1
2019_関西ミドルセレ,https://mulka2.com/lapcenter/lapcombat2/index.jsp?event=5710&file=1