r,78
s,53
X,47
lu,47
ɕՔ,47
JF,45
V,44
яrF,43
F,43
cq,40
ɓ,40
ocq,39
_a,39
,39
鍎,38
͑D,37
Rb,37
qOG,37
ÎO,36
c]LS,36
Lco,35
ѓ؎q,34
ǎj,34
,34
X͏r,33
IR,33
I,33
쓇,33
Zgp,33
_,32
ؕ,31
䗴V,31
^D,31
p,30
{{݂,30
gc从},30
,29
їSq,29
Ηm,29
iR,29
Oa,29
k,29
X,28
OYꏫ,28
XnV,28
ɕ,28
ɓS,27
쐳^,27
rc,27
搐,27
^m,27
슨,27
cG,27
zC,27
s,26
[,26
ЂȂ,26
RD,26
p,26
_˖,26
lY,25
{{at,25
B,25
㓇_,25
u,25
勴z,24
͖엢,24
L{F,24
R{i,24
ΐn,24
,24
Γcq,24
OB,24
mM,24
RG,24
]OY,23
n粑n,23
,23
Vrs,23
{FG,23
ēc,23
_Jl,23
ɓD,23
{{m]q,23
ii,22
{쑁,22
N,22
I,22
,22
aF,21
勴F,21
RX,21
_q,21
X,21
h,21
HF,21
YOY,21
,21
܏\Ht,21
D,21
z,21
Ócl,20
ѓY,20
yiR,20
Y,20
mW,20
R{F,20
Óc鉹,20
R{zq,20
TY,19
j,19
؋܂,19
a_,19
΍◃,19
,19
q,19
in,19
VcDP,19
nӑu,19
K,19
΍茚,19
Ì,19
OΗTY,19
c,19
,19
쌓,19
,19
͑,18
CV,18
c,18
{B,18
㍁؎q,18
ᩋI,18
XJ,18
͏x,18
JTu,18
cP,18
Xx,18
ɓ,18
rS,18
_q,18
q,18
䝍,17
J엝b,17
є,17
ԘaF,17
c^,17
R݉Ċ,17
ђo,17
I]M,17
ODq,17
ێRߎq,17
Ðl,17
엙,17
c䝓ޔ,17
OF,17
񖓐^,17
@,16
c,16
ъxl,16
ˉz^Iq,16
qNm,16
r,16
ΎRǑ,16
,16
яˑY,16
ߓԕ,16
vیNq,16
M],15
ߓN,15
HR,15
䗢,15
J],15
CƂݎq,15
OR,15
ɍ͂鍁,15
VĈ,15
C,15
Cl,15
|,15
ɓߎq,15
n糗Tq,15
al,15
ˏ㒼,15
,15
x,14
I,14
aq,14
ԁ@E,14
,14
{u,14
@W,14
rz,14
t,14
шIv,14
{{K,14
ˍZs,14
,14
q˗I,14
|,14
N,14
,14
,14
핗C,14
@dj,13
YTq,13
acˑN,13
_,13
{ق,13
j,13
J,13
吶,13
щl,13
ag,13
zq,13
O^,13
R{qm,13
,13
XcĐ,13
؍,13
gc,13
Ócl,13
qcĈ,13
A,13
ؑюq,13
,13
z^,13
핋܎q,13
G,13
FIq,13
xc,13
G,13
n粊,13
숺,13
Gq,13
mN,13
R藞,13
,12
,12
,12
K,12
ؕ,12
ci,12
萬,12
ؖ,12
ɓǉ,12
{_,12
cV,12
˂݂,12
@P,12
zvq,12
쑏,12
D,12
ؐq,12
я,12
qn,12
qT,12
q,12
Fu,12
ɓa,11
MYRNESRAGNHILD,11
|B,11
{,11
iMO,11
yF,11
[,11
R{N,11
r,11
u,11
ATq,11
ޕq,11
][,11
{a,11
ꑐ,11
Fv,11
xY,11
cn,11
R^,11
Vjq,11
F,11
cY,11
_y,11
GS,10
cI,10
yc琹,10
팩\,10
[L,10
Rc,10
nӉ~,10
֌gl,10
OƖ{YM,10
ɒnm~,10
,10
V܂ǂ,10
ێR䂤,10
ɓЂ,10
얼v,10
ꐽ,10
V,10
䌒,10
ѐL,10
ySN,10
ߓ,10
Y,10
,10
cʗ,10
@vn,10
ێRRq,10
ߓ,10
䌒,10
VpV,10
iΗ,10
R,10
ؐ,10
cގq,10
c,10
Vb,10
,9
ɑY,9
^i,9
{{,9
ađ,9
J앶j,9
؁@Ĉ,9
znFa,9
RF,9
Rc,9
`L,9
,9
v,9
J؎u,9
n^,9
P,9
JS,9
_Gޔ,9
{N,9
,9
Rcq,9
ÒJ,9
c,9
䖾,9
P,9
Ł@q,9
Ol,9
q,9
q,9
~,9
VMq,9
򐳋I,9
{q,9
㓇Tp,9
vۓcy,9
T,9
V߂,9
{,9
c,9
L,9
ď,9
LP,9
{n,9
,8
,8
X@^l,8
cqN,8
c,8
J~j,8
ΐ쐓,8
_,8
r,8
k],8
rcq,8
N,8
ɓ,8
cr,8
ؑ吽,8
˂ӂݎq,8
P䍹덁,8
{@,8
Fm,8
܂,8
ˈ,8
"F@_V,ZLO`@}R",8
,8
؋,8
q@,8
ԗH,8
{\i,8
ێRi,8
с@Y,8
u,8
ZѐD,8
crY,8
VM,8
{Sq,8
"@ÔV,V~Y@iIR",8
"~RL,~,~ЂȂ",8
яF,8
Òr,8
甿,8
c^,8
vۏ@T,8
Ro,8
x,8
؁@C,8
ɓ,8
OXnN,8
ߎq,8
쐷,8
ь,8
"{,kF,{^",8
"kpO,kĕ",8
Rq,8
cM,7
q,7
ΈB,7
h,7
{돺,7
{Bn,7
cqn,7
ؖ,7
vۉp,7
gEl,7
j~Y,7
,7
S,7
R{@p,7
FJN,7
Γn],7
}@,7
ɓĐ,7
],7
Rq,7
㏼Tq,7
ŖW,7
їߎ,7
֎u,7
},7
cv,7
Βؗ[,7
,7
{Gb,7
V,7
^,7
S,7
o[,7
Ďq,7
{@,7
OcT,7
R{g,7
q,7
zq,7
嗢^q,7
薁,7
얏l,7
܏\m,7
쑺OB,7
iGa,7
|,7
,7
i^,7
VO,7
,7
OY,7
{DY,7
OY,7
HR,7
R,7
ZWN,7
sn,7
c,7
,7
r䐳q,7
gĉ,6
{,6
gck,6
X,6
vۓcD,6
󔎏,6
ߓ,6
,6
n粗Sq,6
їLq,6
Z,6
Xi,6
,6
Ra,6
Yl,6
vԁ@bq,6
rc,6
ᏼ,6
vėI,6
^,6
F,6
؍q,6
Z,6
؍Kq,6
{ЂȂ,6
㓡a,6
Im,6
F얾q,6
rY,6
я,6
OY,6
RF[,6
{,6
R{,6
яr,6
pKL,6
팒u,6
DˉN,6
㓇ʍ_,6
R,6
^,6
֌,6
TM,6
cmq,6
{,6
@zq,6
q,6
cTi,6
tM,6
ɑu,6
Il,6
{@,6
@,6
i䂩,6
,6
c,6
q,6
TM,6
ꐳ,6
RcP,6
IcŖ,6
_,6
yq,6
厡,6
Xu,6
,5
֍G,5
_,5
D,5
Ri,5
F_,5
,5
zM,5
Rm,5
c,5
uT,5
T,5
pY,5
ɓS,5
{@FG,5
cm,5
Ђ,5
men,5
ΒV,5
Vcr,5
c,5
뉺^,5
{,5
x,5
OYN,5
~ߎq,5
VƁ@Gj,5
r,5
vČd,5
gc,5
G,5
ؐ,5
򐬍s,5
_쒼I,5
݂ؓ̂,5
䝔,5
֓C,5
{,5
R{j,5
pTV,5
rIl,5
G,5
ΐG,5
P,5
іl,5
哈,5
ЉC,5
]j,5
,5
ѓcF,5
b,5
RcR,5
uY,5
{Y,5
c\,5
S,5
؉,5
؏t,5
ؖ{~,5
ЂƂ,5
Lcr,5
@Mo,5
s,5
Ό,5
ؖێq,5
{cY,5
ɓI^,5
rؐI,5
_F×C,5
n,5
{S,5
LT,5
@,5
xcgY,5
Nؐl,5
ΓcY,4
gI^,4
Rq,4
gNj,4
t,4
鑺S,4
c,4
琰,4
r䏃,4
{@^P,4
{P,4
ecWG,4
yc,4
CVT,4
ѓc,4
Nq,4
㌴,4
qRmF,4
֎u,4
đ,4
~Fs,4
{F,4
ÔV,4
R,4
VƍNO,4
F,4
֖쌫,4
@`Y,4
|RČ,4
,4
ΐXW,4
ۊD,4
q,4
Ë򖯒j,4
c,4
{^q,4
WY,4
|F,4
l,4
ΓcjG,4
茴,4
c,4
荂u,4
쎛͂,4
Č,4
cI,4
c@,4
ד,4
|R,4
Rhj,4
@pY,4
Mq,4
G,4
؊Cl,4
ΓcP,4
{[,4
K,4
䂩q,4
Б,4
ȐO,4
PG,4
J,4
f,4
cY,4
{֎i,4
ؑ^,4
VetterJoerg,4
c΋I,4
en,4
|,4
I^,4
c,4
zK,4
萖,4
XcSq,4
X؈,4
͍,4
cT,4
c,4
@Y,4
R仓,4
H,4
{,4
r,4
XcI,4
{c,4
ԗD,4
kFS,4
,4
ēc,4
R׋P,4
cYj,4
ЉI,4
VS,4
˓cb,4
ʔT,3
,3
cЂƂ,3
Rɑ,3
O,3
YT,3
ɕG,3
VYM,3
⟺I,3
_J,3
c,3
㑺,3
m,3
Pq,3
Z@ѐD,3
Hc^,3
,3
D,3
VMu,3
c@w,3
],3
,3
V͂,3
_,3
؎,3
,3
{͊,3
č,3
IR,3
Η,3
pV,3
i,3
V,3
㓇,3
T,3
|ԉS,3
cb,3
@~q,3
rcj,3
g@O,3
ˎRP,3
╣I,3
Jؕ,3
c{,3
ݗG,3
,3
a,3
˒Ĵ݂,3
_L,3
c,3
rc@Ċ,3
{Ԍb,3
i_s^,3
FV,3
ؑ,3
X`n,3
ؗM,3
cޒÔ,3
LcL,3
[,3
쐳,3
V,3
yr,3
rcrF,3
xl,3
R{,3
x]l,3
㓡,3
XBY,3
|dP,3
ΓcIl,3
l,3
ؑF,3
ؗDC,3
Rcs,3
]ꕶ,3
O,3
OɑY,3
ї,3
Bǒj,3
oD,3
ߊ}wo,3
{,3
eq,3
C,3
,3
ʑ,3
эF,3
ۗ,3
ѓNY,3
R{S,3
O׋g,3
ɓt,3
ߓM,3
ߎq,3
{ؒÔ,3
Б,3
\,3
܏\l,3
JC,3
M,3
㞊\,3
˒˖,3
؈l,3
Ֆ΍O,3
v䝗D,2
V,2
IP,2
VLN,2
糕T,2
⑾,2
J,2
Fs,2
؋,2
ؑi,2
n䕔䂫,2
Γcό[,2
C,2
s^D,2
C,2
m,2
Ό˒J},2
@,2
,2
ĎR,2
ē],2
֓,2
zq,2
؋KO,2
Al,2
Fؒq,2
ߓq,2
KRz,2
]}g,2
xV,2
ODj,2
ŕF,2
Ócב,2
EP,2
ɓY,2
Ђш,2
dd,2
Rˉ,2
cC,2
cDK,2
RX,2
,2
L,2
z,2
Ԉ͌,2
gC,2
XP,2
a^,2
ǔ,2
,2
rV,2
ǌ,2
YO,2
cj,2
cOY,2
nӉ^,2
I,2
q,2
iN,2
,2
l,2
쒆Cq,2
؋C,2
{c,2
JɑY,2
SM,2
͖x,2
,2
J@v,2
oˑ,2
{m,2
erMG,2
c]L,2
䖫,2
ؑ,2
xc,2
gKP,2
ÎsG,2
gv,2
{Dl,2
,2
,2
vZ,2
O엲u,2
n粑s,2
O,2
{,2
Ha,2
CI,2
CVő,2
ߓY,2
ێR^P,2
gcdj,2
u,2
䍄,2
VD,2
n,2
ؓ,2
c,2
{,2
ɓ^,2
Rc[,2
yR,2
_Iq,2
Ċ,2
I,2
gVY,2
z,2
A,2
ΌN,2
V,2
팩k,2
y,2
GM,2
{N,2
Rc,2
؉Bm,2
]b,2
슲,2
Yq,2
nӐ^,2
_落m,2
葁獁,2
cl,2
ђˊb,2
RR,2
q,2
cS,2
MF,2
,2
R^,2
{ė,2
␣j,2
~XN,2
XדY,2
{G,2
s,2
c,2
gɂ,2
VF,2
Ҏє@,2
,2
,2
{R,2
Έ听,2
RcP,2
r,2
,2
{],2
sψ,2
ጎrG,2
Ll,2
Lj,2
VƏGj,2
cVy,2
{,2
P,2
]TM,2
vԎ,2
qP,2
y,2
t,2
͍q,2
c瓿,1
,1
cO,1
y,1
XcMv,1
ѐ,1
䊰V,1
z,1
ΌN,1
W,1
~ѐ,1
,1
cؐ,1
cq,1
F,1
ɓzq,1
_TM,1
KI,1
ؗɉ,1
D,1
ߓ,1
ꗲY,1
Oj,1
]Pj,1
،,1
acNY,1
֓,1
юO,1
핗Y,1
^,1
RÒÐl,1
[cP,1
@g,1
cᩈN,1
vԕ,1
z,1
gV,1
c,1
,1
Óc얁,1
T,1
Rs,1
rc,1
OcF,1
N,1
ؑC,1
T,1
xk,1
C}Yb,1
X؏x,1
C쒉H,1
r,1
cɑ㍁,1
a,1
M,1
}Ė,1
au,1
y],1
X,1
א앗P,1
n糗E,1
rc,1
q,1
쑓,1
xI,1
,1
ɉ,1
ߌ[,1
q,1
Γcn,1
Ŗ,1
FSV,1
R菇,1
,1
L,1
^,1
{ꐬ,1
ÐM,1
xc,1
KR,1
{,1
c@I,1
ߓD,1
Xl,1
[q,1
J^q,1
,1
,1
Bq,1
,1
㏠,1
B,1
RcP,1
_,1
ؓcS,1
ac,1
ؗ䉗,1
c,1
,1
|r,1
ÓcI,1
{,1
nӋI,1
V썎,1
؈䐭,1
KL,1
R@M,1
T,1
RP,1
Γc,1
@c,1
y,1
RT,1
LiYY,1
qL,1
؍,1
J_F,1
ҎD,1
cZMF,1
,1
،,1
C,1
^,1
q,1
VGV,1
VƍNC,1
i,1
k],1
؏rV,1
m,1
,1
i,1
ÓcMV,1
n糍ʎq,1
쑺Ñ,1
ɓV,1
x,1
gS,1
cG,1
r,1
,1
ѐq,1
G,1
ňN,1
JN,1
D,1
FM,1
Jx,1
{,1
RcG,1
V,1
֒ˑ吽,1
וW,1
t,1
g,1
cl,1
cY,1
c,1
RT,1
_,1
OJm,1
q,1
Rll,1
c@,1
,1
؉,1
򐯉,1
从q,1
LV`,1
ߖ{,1
D,1
sKm,1
,1
͒Y,1
RcO,1
q׎,1
ؗy,1
c`,1
˓cđ,1
D,1
~j,1
ї^q,1
͖씹i,1
To,1
͂邩,1
}VE,1
xzy,1
{,1
,1
C,1
V쌫M,1
ؔ,1
{h,1
@Ëv,1
TƋMu,1
㓡z,1
cђm,1
R,1
~c,1
w,1
ؑj,1
˓q,1
ؗSl,1
]caP,1
cd,1
cӗm,1
JؓTq,1
c׎O,1
er,1
eVbO,1
qÌ,1
xD,1
uΐ^,1
rĴ݂,1
ь,1
q䕽,1
yP,1
}G,1
Ê֏x,1
OؒqC,1
VaO,1
Y,1
,1
ߐD,1
Rl,1
L,1
SJP,1
,1
㞊@\,1
C,1
t䕽,1
cY,1
Rrm,1
ؗI,1
qq,1
nӕ,1
,1
`,1
쐭j,1
ї,1
Rq,1
Xc,1
Cm,1
؍G,1
{IM,1
{HC,1
͑,1
V\i,1
